ds,yhat
2020-01-01,18.869736187307154
2020-01-02,18.8888294378644
2020-01-03,18.822743179547984
2020-01-04,18.725534138569667
2020-01-05,18.252631235135066
2020-01-06,18.12819405213108
2020-01-07,18.13931363942675
2020-01-08,18.172421536268644
2020-01-09,18.027885887442373
2020-01-10,17.98420359771805
2020-01-11,18.057972543597018
2020-01-12,17.766902873068464
2020-01-13,17.712000175825906
2020-01-14,17.674184702321277
2020-01-15,17.64416126535306
2020-01-16,17.526572640806418
2020-01-17,17.595697938800114
2020-01-18,17.7542981256088
2020-01-19,17.406825621114884
2020-01-20,17.15956522161547
2020-01-21,16.928754608994772
2020-01-22,16.86117047135584
2020-01-23,16.90650635922786
2020-01-24,17.23931277029563
2020-01-25,17.610903793985724
2020-01-26,17.354493164757734
2020-01-27,17.13527824735441
2020-01-28,16.98550554311326
2020-01-29,17.10485495033475
2020-01-30,17.380436609957748
2020-01-31,17.869682103120496
2020-02-01,18.261501212181468
2020-02-02,17.931438553213134
2020-02-03,17.638196200229455
2020-02-04,17.460777048379505
2020-02-05,17.558961095480363
2020-02-06,17.751255436443994
2020-02-07,18.09234750919896
2020-02-08,18.363797160944518
2020-02-09,18.055778625319096
2020-02-10,17.95394186548266
2020-02-11,18.0383106437959
2020-02-12,18.320882194956486
2020-02-13,18.547790334203754
2020-02-14,18.831954076131954
2020-02-15,19.076660905364434
2020-02-16,18.831548208645692
2020-02-17,18.81636319952214
2020-02-18,18.88177858524855
2020-02-19,18.977706135757856
2020-02-20,18.930012613916297
2020-02-21,19.017955980931347
2020-02-22,19.26028449069376
2020-02-23,19.176946328640227
2020-02-24,19.347216635208675
2020-02-25,19.49879288595152
2020-02-26,19.579311392005103
2020-02-27,19.518654051128035
2020-02-28,19.695136117104553
2020-02-29,20.122857710819527
2020-03-01,20.219289508391157
2020-03-02,20.46209238385161
2020-03-03,20.569381193436904
2020-03-04,20.568204187121932
2020-03-05,20.468510327823186
2020-03-06,20.649537034635028
2020-03-07,21.05774745019015
2020-03-08,21.06336764760517
2020-03-09,21.190420808679878
2020-03-10,21.27281856560907
2020-03-11,21.417894990819022
2020-03-12,21.594690907279983
2020-03-13,22.04175231300178
2020-03-14,22.579810946468065
2020-03-15,22.57113833388556
2020-03-16,22.643162086059906
2020-03-17,22.733818783880288
2020-03-18,22.946534601206846
2020-03-19,23.137411421077413
2020-03-20,23.433391689833172
2020-03-21,23.662697728027688
2020-03-22,23.32586581637877
2020-03-23,23.2099694846573
2020-03-24,23.301762851253162
2020-03-25,23.608816068231572
2020-03-26,23.839795576272213
2020-03-27,24.054664153341648
2020-03-28,24.144724761441935
2020-03-29,23.730638911759925
2020-03-30,23.656297284599084
2020-03-31,23.849222991610823
2020-04-01,24.20268270087709
2020-04-02,24.36529734836173
2020-04-03,24.441332983718944
2020-04-04,24.41680091960919
2020-04-05,23.959649568301028
2020-04-06,23.873758839653426
2020-04-07,24.01716324713147
2020-04-08,24.278901442652604
2020-04-09,24.39827810660746
2020-04-10,24.591800821330263
2020-04-11,24.869297454317024
2020-04-12,24.796138030805245
2020-04-13,25.02461714635722
2020-04-14,25.336424270188395
2020-04-15,25.674905622828213
2020-04-16,25.897296452885634
2020-04-17,26.275950885592312
2020-04-18,26.751115811614955
2020-04-19,26.755462366123627
2020-04-20,26.87649340255954
2020-04-21,26.97351682223717
2020-04-22,27.154744073502926
2020-04-23,27.391974639182493
2020-04-24,27.927557946982894
2020-04-25,28.56129965403718
2020-04-26,28.603628118486302
2020-04-27,28.64137102650789
2020-04-28,28.640054559371816
2020-04-29,28.809621330940846
2020-04-30,29.120226062790923
2020-05-01,29.715070932619206
2020-05-02,30.295733633906686
2020-05-03,30.166724492817323
2020-05-04,29.998199524306063
2020-05-05,29.8395134623751
2020-05-06,29.904994731360098
2020-05-07,30.10027751886785
2020-05-08,30.524169915126418
2020-05-09,30.926913717906444
2020-05-10,30.730703167636072
2020-05-11,30.687371156635113
2020-05-12,30.805926775753992
2020-05-13,31.15979293971987
2020-05-14,31.528043333208583
2020-05-15,32.00029314745659
2020-05-16,32.428289781517016
2020-05-17,32.3358551274427
2020-05-18,32.46805401724556
2020-05-19,32.717509379504676
2020-05-20,33.04226484968733
2020-05-21,33.22504725698758
2020-05-22,33.49003540731799
2020-05-23,33.84477133477084
2020-05-24,33.85809002170736
2020-05-25,34.17559745744105
2020-05-26,34.53907600913737
2020-05-27,34.83666324117428
2020-05-28,34.91189193936452
2020-05-29,35.107510077585495
2020-05-30,35.486682169261464
2020-05-31,35.55838487363524
2020-06-01,35.85402612530283
2020-06-02,36.05609139945223
2020-06-03,36.09849444180157
2020-06-04,35.92161745818041
2020-06-05,35.91822364274262
2020-06-06,36.11439032836785
2020-06-07,35.952931695709744
2020-06-08,35.96484808971731
2020-06-09,35.927349320223904
2020-06-10,35.89071426408713
2020-06-11,35.82316141879393
2020-06-12,36.0187211276837
2020-06-13,36.35525560946522
2020-06-14,36.2023925004177
2020-06-15,36.148441974373874
2020-06-16,36.091038848614176
2020-06-17,36.13814737124416
2020-06-18,36.1895146840243
2020-06-19,36.40696922141213
2020-06-20,36.60331577994124
2020-06-21,36.22508786597872
2020-06-22,36.024352561691806
2020-06-23,36.01149707962403
2020-06-24,36.26197255210371
2020-06-25,36.532030121383436
2020-06-26,36.85795662128146
2020-06-27,37.04826609317151
2020-06-28,36.65209435516125
2020-06-29,36.5196966226687
2020-06-30,36.656145075037585
2020-07-01,37.03410844187653
2020-07-02,37.30825800426717
2020-07-03,37.50616564763578
2020-07-04,37.517234407102706
2020-07-05,36.97255327315853
2020-07-06,36.72550882126638
2020-07-07,36.715868295733856
2020-07-08,36.8717597927081
2020-07-09,36.897134095906104
2020-07-10,36.93866526368377
2020-07-11,36.96923282674001
2020-07-12,36.58185073108317
2020-07-13,36.49178606679413
2020-07-14,36.51538895897711
2020-07-15,36.57516494127512
2020-07-16,36.4805022920029
2020-07-17,36.483851799337245
2020-07-18,36.55518726902657
2020-07-19,36.174829869094474
2020-07-20,35.946287144706616
2020-07-21,35.69292861157459
2020-07-22,35.47490331291163
2020-07-23,35.260027320425344
2020-07-24,35.347818382375
2020-07-25,35.60989541981227
2020-07-26,35.376182164958166
2020-07-27,35.18026665443698
2020-07-28,34.90570034000598
2020-07-29,34.72995226861765
2020-07-30,34.67453057228904
2020-07-31,34.976555307641576
2020-08-01,35.39015026531064
2020-08-02,35.182311752408914
2020-08-03,34.92866860909009
2020-08-04,34.60561980737235
2020-08-05,34.43643141736595
2020-08-06,34.40119688836755
2020-08-07,34.66668822541612
2020-08-08,34.982508167047854
2020-08-09,34.70669892082575
2020-08-10,34.52811197661795
2020-08-11,34.448139092884816
2020-08-12,34.58884854760267
2020-08-13,34.78021176619169
2020-08-14,35.11471803322758
2020-08-15,35.39879832690017
2020-08-16,35.1112158193876
2020-08-17,34.999519508477285
2020-08-18,34.998057820379735
2020-08-19,35.09861088099269
2020-08-20,35.06861153741956
2020-08-21,35.08066361447235
2020-08-22,35.10843020903709
2020-08-23,34.747155946845496
2020-08-24,34.71574287824994
2020-08-25,34.80877524695737
2020-08-26,34.896170039900944
2020-08-27,34.74474168677678
2020-08-28,34.633327673952145
2020-08-29,34.63688069529082
2020-08-30,34.34794377528838
2020-08-31,34.384783737152326
2020-09-01,34.441931937375195
2020-09-02,34.38160313033363
2020-09-03,34.052011550750635
2020-09-04,33.81393347728996
2020-09-05,33.74455812623943
2020-09-06,33.36961364602384
2020-09-07,33.260922040397894
2020-09-08,33.15992549920173
2020-09-09,33.045199120546286
2020-09-10,32.84532563360335
2020-09-11,32.879607402957845
2020-09-12,33.08326275080069
2020-09-13,32.85474828380212
2020-09-14,32.75670011045758
2020-09-15,32.63261293693109
2020-09-16,32.56365663307953
2020-09-17,32.472540993793544
2020-09-18,32.563280083691275
2020-09-19,32.6570164708355
2020-09-20,32.15760005461209
2020-09-21,31.764514349597174
2020-09-22,31.479422966166215
2020-09-23,31.430761604620333
2020-09-24,31.443543235306908
2020-09-25,31.57266264391778
2020-09-26,31.57107125981627
2020-09-27,30.905215525903166
2020-09-28,30.394948673812486
2020-09-29,30.09891023660278
2020-09-30,30.086571669489356
2020-10-01,30.069055217857226
2020-10-02,30.04221104930396
2020-10-03,29.80487661562721
2020-10-04,28.92023397217421
2020-10-05,28.25775636005902
2020-10-06,27.838096283300104
2020-10-07,27.66344298506297
2020-10-08,27.44317389891932
2020-10-09,27.266723091652576
2020-10-10,27.048044856341686
2020-10-11,26.376639301528765
2020-10-12,26.021558829967947
2020-10-13,25.85343072755422
2020-10-14,25.799762145130362
2020-10-15,25.62597723560158
2020-10-16,25.541101357070666
2020-10-17,25.515932890788356
2020-10-18,25.07055987528311
2020-10-19,24.841069723219082
2020-10-20,24.632565024991795
2020-10-21,24.449568533457537
2020-10-22,24.221577189537328
2020-10-23,24.270883106926316
2020-10-24,24.536060996732697
2020-10-25,24.393832320333257
2020-10-26,24.355083380318227
2020-10-27,24.221194474138578
2020-10-28,24.10014265050328
2020-10-29,24.02023071830795
2020-10-30,24.29887661194575
2020-10-31,24.771919431966204
2020-11-01,24.71435813766206
2020-11-02,24.62833607799899
2020-11-03,24.396021144546257
2020-11-04,24.20709779682984
2020-11-05,24.09219946715862
2020-11-06,24.302421514120876
2020-11-07,24.627840664378507
2020-11-08,24.391515777373264
2020-11-09,24.21359041096514
2020-11-10,24.058376852186033
2020-11-11,24.07591327473443
2020-11-12,24.156761437249653
2020-11-13,24.426873838230723
2020-11-14,24.669286957501967
2020-11-15,24.311453783638584
2020-11-16,24.078576220373996
2020-11-17,23.931321205606054
2020-11-18,23.906442731591824
2020-11-19,23.782333891689344
2020-11-20,23.692327461642815
2020-11-21,23.558083740248904
2020-11-22,22.966881683770655
2020-11-23,22.6926541429368
2020-11-24,22.59939192773928
2020-11-25,22.575445388232097
2020-11-26,22.331602725150393
2020-11-27,22.064379683121413
2020-11-28,21.81603640862994
2020-11-29,21.230804351122643
2020-11-30,21.023409172951574
2020-12-01,20.94335738968722
2020-12-02,20.81918560119168
2020-12-03,20.40672820704874
2020-12-04,19.998360351352787
2020-12-05,19.684680818661832
2020-12-06,19.070449496198215
2020-12-07,18.80158680151004
2020-12-08,18.624209837317135
2020-12-09,18.458774469869386
2020-12-10,18.174531734909227
2020-12-11,18.0884249486085
2020-12-12,18.188539134572306
2020-12-13,17.92751159988192
2020-12-14,17.874725522376668
2020-12-15,17.830617171344297
2020-12-16,17.833641651229005
2020-12-17,17.808374525074505
2020-12-18,18.00094249623196
2020-12-19,18.264994446092675
2020-12-20,17.98650300438921
2020-12-21,17.81125030980453
2020-12-22,17.703414376811192
2020-12-23,17.814595143172504
2020-12-24,18.037188808773095
2020-12-25,18.474294514747932
2020-12-26,18.85485995077751
2020-12-27,18.56213666876259
2020-12-28,18.346928084103713
2020-12-29,18.2740163570948
2020-12-30,18.492081216667163
2020-12-31,18.792913449468777
2021-01-01,19.18034740029988
2021-01-02,19.377152215894302
2021-01-03,18.85021742758626
2021-01-04,18.43512911813417
2021-01-05,18.201955071294336
2021-01-06,18.235887670640487
2021-01-07,18.28574405261611
2021-01-08,18.406254568288816
2021-01-09,18.440704904666724
2021-01-10,17.940380980878658
2021-01-11,17.703146103846645
2021-01-12,17.6603582269466
2021-01-13,17.77299264627141
2021-01-14,17.783427994685166
2021-01-15,17.85110932514924
2021-01-16,17.92400426837378
2021-01-17,17.548784650693797
2021-01-18,17.408556025087307
2021-01-19,17.320459395016314
2021-01-20,17.250429919836648
2021-01-21,17.07676984678723
2021-01-22,17.115782880348295
2021-01-23,17.36057456343904
2021-01-24,17.257184640112285
2021-01-25,17.336258776959443
2021-01-26,17.343198354165395
2021-01-27,17.30309874574612
2021-01-28,17.21100425141206
2021-01-29,17.43651921690612
2021-01-30,17.909849891000693
2021-01-31,17.95919735041089
2021-02-01,18.05265631027779
2021-02-02,17.97847327058826
2021-02-03,17.85598786735871
2021-02-04,17.727536013285203
2021-02-05,17.92284069174964
2021-02-06,18.303331935596674
2021-02-07,18.194621996899198
2021-02-08,18.158400815516174
2021-02-09,18.098572404190467
2021-02-10,18.161738147560637
2021-02-11,18.290808264713906
2021-02-12,18.666956185745807
2021-02-13,19.07890436735169
2021-02-14,18.910866023090684
2021-02-15,18.847177803766414
2021-02-16,18.851638672110788
2021-02-17,19.004400770671293
2021-02-18,19.118102325793735
2021-02-19,19.31132766717301
2021-02-20,19.4528876985939
2021-02-21,19.09411984497579
2021-02-22,19.035438923070767
2021-02-23,19.210576934195952
2021-02-24,19.557982283733377
2021-02-25,19.76626781857246
2021-02-26,19.951493619054524
2021-02-27,20.086912917700694
2021-02-28,19.82323729229982
2021-03-01,19.95609227180795
2021-03-02,20.31594839087586
2021-03-03,20.73876533142727
2021-03-04,20.90340253946092
2021-03-05,21.005798877182407
2021-03-06,21.099774217152728
2021-03-07,20.836904039182766
2021-03-08,20.944907639138364
2021-03-09,21.20687113999782
2021-03-10,21.505484260791544
2021-03-11,21.63633167994929
2021-03-12,21.876391920216
2021-03-13,22.238562820605257
2021-03-14,22.232998493290136
2021-03-15,22.461248233667376
2021-03-16,22.698720637521262
2021-03-17,22.93236932172209
2021-03-18,23.062725700943194
2021-03-19,23.36309822847325
2021-03-20,23.732944147757816
2021-03-21,23.570195371934908
2021-03-22,23.484183892378745
2021-03-23,23.389629250200663
2021-03-24,23.434139449976243
2021-03-25,23.567389848484883
2021-03-26,23.966209741361848
2021-03-27,24.381606415277364
2021-03-28,24.143895180047462
2021-03-29,23.92582803598944
2021-03-30,23.76287424075456
2021-03-31,23.859515306486088
2021-04-01,24.10555740446864
2021-04-02,24.562541506836812
2021-04-03,24.920766430943388
2021-04-04,24.554758646883148
2021-04-05,24.23239679053188
2021-04-06,24.03651922385963
2021-04-07,24.131007837269607
2021-04-08,24.335503220164796
2021-04-09,24.707116371034655
2021-04-10,25.02725823339351
2021-04-11,24.78320981880171
2021-04-12,24.766839954963093
2021-04-13,24.957774523778884
2021-04-14,25.36727801963103
2021-04-15,25.738216637426273
2021-04-16,26.182485037796642
2021-04-17,26.600333660072213
2021-04-18,26.535342528331256
2021-04-19,26.70966238965766
2021-04-20,26.969659776456425
2021-04-21,27.26156929765215
2021-04-22,27.406634841436542
2021-04-23,27.68296171754449
2021-04-24,28.106367860261354
2021-04-25,28.190399220803243
2021-04-26,28.51619302743333
2021-04-27,28.807348288198234
2021-04-28,29.009516417865655
2021-04-29,29.050974522793137
2021-04-30,29.312329785817877
2021-05-01,29.80780661008584
2021-05-02,29.95109256845721
2021-05-03,30.222754352550737
2021-05-04,30.342175409209354
2021-05-05,30.338696930724275
2021-05-06,30.22482384588544
2021-05-07,30.38531962668502
2021-05-08,30.769239177562394
2021-05-09,30.74549220042334
2021-05-10,30.845070388399105
2021-05-11,30.903896524665544
2021-05-12,31.03310179125685
2021-05-13,31.204327456973576
2021-05-14,31.66023783136416
2021-05-15,32.2224347720994
2021-05-16,32.250599529557824
2021-05-17,32.37754477161397
2021-05-18,32.541392992337315
2021-05-19,32.84626761995752
2021-05-20,33.14677592059654
2021-05-21,33.569544886698296
2021-05-22,33.94002142127795
2021-05-23,33.753453787704025
2021-05-24,33.79922649199641
2021-05-25,34.06093410406618
2021-05-26,34.54280108095977
2021-05-27,34.94812597419475
2021-05-28,35.33352040492775
2021-05-29,35.58589096213775
2021-05-30,35.32001241555644
2021-05-31,35.38117165452905
2021-06-01,35.69311405263653
2021-06-02,36.145483662327266
2021-06-03,36.382347220354966
2021-06-04,36.50648632865782
2021-06-05,36.50228236508001
2021-06-06,36.034902696363105
2021-06-07,35.91217444990308
2021-06-08,35.99148623796328
2021-06-09,36.162007963969096
2021-06-10,36.16298517866542
2021-06-11,36.21387774655743
2021-06-12,36.32683287717324
2021-06-13,36.06771662818123
2021-06-14,36.095089576765766
2021-06-15,36.19274802932955
2021-06-16,36.30711182113784
2021-06-17,36.298137997523675
2021-06-18,36.44282905223039
2021-06-19,36.68433342704455
2021-06-20,36.4556855418209
2021-06-21,36.349775145926614
2021-06-22,36.22753042489064
2021-06-23,36.19946009102554
2021-06-24,36.23854864915319
2021-06-25,36.58896366138279
2021-06-26,37.04986213989742
2021-06-27,36.92765246133581
2021-06-28,36.81168151215536
2021-06-29,36.66600436997005
2021-06-30,36.69959528399656
2021-07-01,36.88026172342357
2021-07-02,37.34918301185895
2021-07-03,37.80401306797591
2021-07-04,37.543864887207235
2021-07-05,37.238396747897
2021-07-06,36.93416859397735
2021-07-07,36.84336482862509
2021-07-08,36.86862356775168
2021-07-09,37.10669483647849
2021-07-10,37.30504211969155
2021-07-11,36.88263380323411
2021-07-12,36.59261962766621
2021-07-13,36.4435347254662
2021-07-14,36.509074399098274
2021-07-15,36.568366146124966
2021-07-16,36.71252932875487
2021-07-17,36.79475536384143
2021-07-18,36.340095256959756
2021-07-19,36.098305964758964
2021-07-20,35.9649592269406
2021-07-21,35.90155718076846
2021-07-22,35.694183441373205
2021-07-23,35.5714794474692
2021-07-24,35.545020478471045
2021-07-25,35.186828943994975
2021-07-26,35.14757789452791
2021-07-27,35.172164787403545
2021-07-28,35.15183123222512
2021-07-29,34.93277464194387
2021-07-30,34.86068507315022
2021-07-31,35.00064296588395
2021-08-01,34.86224010218961
2021-08-02,34.97824055312118
2021-08-03,35.03075649469599
2021-08-04,34.95305586481754
2021-08-05,34.68429076559467
2021-08-06,34.61581602100963
2021-08-07,34.77136258386115
2021-08-08,34.59052555133412
2021-08-09,34.60152125859282
2021-08-10,34.57790141601345
2021-08-11,34.566255354891105
2021-08-12,34.530940052411154
2021-08-13,34.7621929942761
2021-08-14,35.13397919870898
2021-08-15,35.01218133515925
2021-08-16,34.98185133477496
2021-08-17,34.93755184142427
2021-08-18,34.98458800576936
2021-08-19,35.020530130175906
2021-08-20,35.20419219749892
2021-08-21,35.34860621736903
2021-08-22,34.9001064885583
2021-08-23,34.61048191023462
2021-08-24,34.49065356347233
2021-08-25,34.61707405796541
2021-08-26,34.74779031097878
2021-08-27,34.92110812390427
2021-08-28,34.9482098873069
2021-08-29,34.381653943565674
2021-08-30,34.07354561111522
2021-08-31,34.031924968826246
2021-09-01,34.23251627445032
2021-09-02,34.333602813232616
2021-09-03,34.36563412739598
2021-09-04,34.220939492576605
2021-09-05,33.53385760902181
2021-09-06,33.15792270564729
2021-09-07,33.0344792887038
2021-09-08,33.092806850661084
2021-09-09,33.0381353885066
2021-09-10,33.016761587355134
2021-09-11,33.00109174428866
2021-09-12,32.584320220230175
2021-09-13,32.47798481653541
2021-09-14,32.49688433127537
2021-09-15,32.56127625363578
2021-09-16,32.478383475092436
2021-09-17,32.496664981632065
2021-09-18,32.582848403215976
2021-09-19,32.21581873584223
2021-09-20,31.993322901677974
2021-09-21,31.73597845658014
2021-09-22,31.500394087807088
2021-09-23,31.251446974146543
2021-09-24,31.28453664520318
2021-09-25,31.4693782950708
2021-09-26,31.137064325287515
2021-09-27,30.817294462409794
2021-09-28,30.39325037654576
2021-09-29,30.041140373947762
2021-09-30,29.78251263047053
2021-10-01,29.853934358855373
2021-10-02,30.01206233380896
2021-10-03,29.529796916629728
2021-10-04,28.982048962397613
2021-10-05,28.34816239352923
2021-10-06,27.85328081621389
2021-10-07,27.481065293993
2021-10-08,27.400960048271344
2021-10-09,27.367960284039597
2021-10-10,26.748224028521125
2021-10-11,26.230331293304797
2021-10-12,25.819579138790353
2021-10-13,25.640972419797762
2021-10-14,25.529151200464398
2021-10-15,25.57922112784268
2021-10-16,25.601874030751432
2021-10-17,25.08219857948365
2021-10-18,24.764518213392837
2021-10-19,24.585212991180075
2021-10-20,24.537189082809324
2021-10-21,24.390232664259056
2021-10-22,24.315721578504114
2021-10-23,24.287095666503596
2021-10-24,23.901968812459888
2021-10-25,23.87213588534422
2021-10-26,23.992012587222245
2021-10-27,24.130441233642852
2021-10-28,24.05378887576075
2021-10-29,24.035850170817252
2021-10-30,24.14799287621635
2021-10-31,23.983298626332633
2021-11-01,24.151415735290783
2021-11-02,24.346399351873746
2021-11-03,24.42861583393181
2021-11-04,24.244721659591313
2021-11-05,24.149277402929513
2021-11-06,24.216009171622
2021-11-07,23.9727568961861
2021-11-08,23.98362646731681
2021-11-09,23.990666022587096
2021-11-10,23.971105967931546
2021-11-11,23.853045083016845
2021-11-12,23.951642840374287
2021-11-13,24.2021938422532
2021-11-14,24.009291098207417
2021-11-15,23.92987516188035
2021-11-16,23.80958490499362
2021-11-17,23.72951581036767
2021-11-18,23.61430053122842
2021-11-19,23.667025227663064
2021-11-20,23.712358671265473
2021-11-21,23.16271876569911
2021-11-22,22.711656597566115
2021-11-23,22.362824828680775
2021-11-24,22.245241276107752
2021-11-25,22.1880964137013
2021-11-26,22.24779687712846
2021-11-27,22.1824167496425
2021-11-28,21.46709061239261
2021-11-29,20.91378381221118
2021-11-30,20.582233686756286
2021-12-01,20.542686979745227
2021-12-02,20.511380331698042
2021-12-03,20.48554725253393
2021-12-04,20.267728199765756
2021-12-05,19.42773039420566
2021-12-06,18.82434967569166
2021-12-07,18.478165698698774
2021-12-08,18.39123958275181
2021-12-09,18.276489654588264
2021-12-10,18.22153413736838
2021-12-11,18.14059405634924
2021-12-12,17.62770377454765
2021-12-13,17.439825712186543
2021-12-14,17.447586916353202
2021-12-15,17.577512826197825
2021-12-16,17.596207872789027
2021-12-17,17.70738402021897
2021-12-18,17.8797749075777
2021-12-19,17.63796613511242
2021-12-20,17.606136536128307
2021-12-21,17.58961890311795
2021-12-22,17.590291276215204
2021-12-23,17.53623788485186
2021-12-24,17.742491231916883
2021-12-25,18.146334803557004
2021-12-26,18.132216613274515
2021-12-27,18.20153590877772
2021-12-28,18.157486500534347
2021-12-29,18.105433969152557
2021-12-30,18.072692097012325
2021-12-31,18.37142295776887
2022-01-01,18.84033801569132
2022-01-02,18.76703170766649
2022-01-03,18.646760762397847
2022-01-04,18.365321959692704
2022-01-05,18.11135115046806
2022-01-06,17.917419701422222
2022-01-07,18.033155274767843
2022-01-08,18.255247706739556
2022-01-09,17.921773088712555
2022-01-10,17.645903694326538
2022-01-11,17.396272345885848
2022-01-12,17.324045274384314
2022-01-13,17.325417499229406
2022-01-14,17.527735473119364
2022-01-15,17.721350483651133
2022-01-16,17.347307466855025
2022-01-17,17.120756003992643
2022-01-18,17.00556878232505
2022-01-19,17.03987316979458
2022-01-20,17.007705239850576
2022-01-21,17.040979179926023
2022-01-22,17.063270462635636
2022-01-23,16.66953085433468
2022-01-24,16.618397736353213
2022-01-25,16.77500831941021
2022-01-26,17.027876099421057
2022-01-27,17.090897823688007
2022-01-28,17.153869011171277
2022-01-29,17.255038446408072
2022-01-30,17.04163024650575
2022-01-31,17.210234818171806
2022-02-01,17.51092310674732
2022-02-02,17.771196974699045
2022-02-03,17.747362725754236
2022-02-04,17.721585654870232
2022-02-05,17.77839661991103
2022-02-06,17.52663498946533
2022-02-07,17.59542112561012
2022-02-08,17.732803593479264
2022-02-09,17.85815315848804
2022-02-10,17.841292047997445
2022-02-11,17.991004271647572
2022-02-12,18.294646328862825
2022-02-13,18.21612573737029
2022-02-14,18.313212541823965
2022-02-15,18.39158086512239
2022-02-16,18.490506164311842
2022-02-17,18.538400083122824
2022-02-18,18.778791654614675
2022-02-19,19.071635424613174
2022-02-20,18.819888914454
2022-02-21,18.65910563592016
2022-02-22,18.558227516386133
2022-02-23,18.669545507346722
2022-02-24,18.89185212889526
2022-02-25,19.32983432657313
2022-02-26,19.722201311026964
2022-02-27,19.46960046646537
2022-02-28,19.30895718786126
2022-03-01,19.30607632165594
2022-03-02,19.608169727911534
2022-03-03,20.013152653839615
2022-03-04,20.52553766286991
2022-03-05,20.874684008898935
2022-03-06,20.539541310871154
2022-03-07,20.33518526222315
2022-03-08,20.328307349546712
2022-03-09,20.599792197704307
2022-03-10,20.901644582377287
2022-03-11,21.284157455525563
2022-03-12,21.590911043392634
2022-03-13,21.380365633922956
2022-03-14,21.427381766905608
2022-03-15,21.66104167470998
2022-03-16,22.039411956010305
2022-03-17,22.30751063345722
2022-03-18,22.617497428205905
2022-03-19,22.915570539705445
2022-03-20,22.757061396393883
2022-03-21,22.806016703513293
2022-03-22,22.882502300160215
2022-03-23,22.952286191931346
2022-03-24,22.89818191053688
2022-03-25,23.026871434057206
2022-03-26,23.33241833338246
2022-03-27,23.27624395519692
2022-03-28,23.377492162654345
2022-03-29,23.390403858405072
2022-03-30,23.34225507423254
2022-03-31,23.23136920722442
2022-04-01,23.421350024791902
2022-04-02,23.847713759427815
2022-04-03,23.859391966377185
2022-04-04,23.91614802869934
2022-04-05,23.815087293612766
2022-04-06,23.675737016075633
2022-04-07,23.54227027979669
2022-04-08,23.7384892012361
2022-04-09,24.131434336935527
2022-04-10,24.065606069890173
2022-04-11,24.089324178486034
2022-04-12,24.109431847682835
2022-04-13,24.268653075983906
2022-04-14,24.510696698454897
2022-04-15,25.010848134837442
2022-04-16,25.5615689444545
2022-04-17,25.560857034530056
2022-04-18,25.672833495968778
2022-04-19,25.85938905203394
2022-04-20,26.195527827076663
2022-04-21,26.495551113442225
2022-04-22,26.87172615647533
2022-04-23,27.193092610045348
2022-04-24,27.01965328087073
2022-04-25,27.12816801747976
2022-04-26,27.451582923500354
2022-04-27,27.92782736958369
2022-04-28,28.251985763829065
2022-04-29,28.53591013783439
2022-04-30,28.752901907044098
2022-05-01,28.56273453752086
2022-05-02,28.740574180398266
2022-05-03,29.122274279127975
2022-05-04,29.54955015260436
2022-05-05,29.71163337968121
2022-05-06,29.801617939718238
2022-05-07,29.874543920870536
2022-05-08,29.594095052557076
2022-05-09,29.671806155552737
2022-05-10,29.8996177155802
2022-05-11,30.16644073328631
2022-05-12,30.276294102612187
2022-05-13,30.501615671384474
2022-05-14,30.85747781851972
2022-05-15,30.86924209873299
2022-05-16,31.12418071076505
2022-05-17,31.40493287927625
2022-05-18,31.702878269309895
2022-05-19,31.918077009007575
2022-05-20,32.31619202244493
2022-05-21,32.79842287352503
2022-05-22,32.77706922579117
2022-05-23,32.843345925790906
2022-05-24,32.9117549372988
2022-05-25,33.123183322285215
2022-05-26,33.425451392817116
2022-05-27,33.98737871916988
2022-05-28,34.5628723713151
2022-05-29,34.49585655089727
2022-05-30,34.43799996038632
2022-05-31,34.42035571508164
2022-06-01,34.63889516554617
2022-06-02,34.9832972181755
2022-06-03,35.51095617926429
2022-06-04,35.91789308143492
2022-06-05,35.592738349885835
2022-06-06,35.28273516189443
2022-06-07,35.06808533567592
2022-06-08,35.10860735678216
2022-06-09,35.22909077864963
2022-06-10,35.48638318622206
2022-06-11,35.66900321784812
2022-06-12,35.27901232067923
2022-06-13,35.091144043207905
2022-06-14,35.08842204401975
2022-06-15,35.284975071609274
2022-06-16,35.43325275408688
2022-06-17,35.64573648510376
2022-06-18,35.82840905529449
2022-06-19,35.53906580620634
2022-06-20,35.48529607414048
2022-06-21,35.51989654484881
2022-06-22,35.59272981121032
2022-06-23,35.53121443336942
2022-06-24,35.60821928153144
2022-06-25,35.84012838270241
2022-06-26,35.75241647985306
2022-06-27,35.9122765441705
2022-06-28,36.049181116705654
2022-06-29,36.1088649578122
2022-06-30,36.01961731174298
2022-07-01,36.15109310922468
2022-07-02,36.51484437611382
2022-07-03,36.53552196906192
2022-07-04,36.681425645520825
2022-07-05,36.673766270828516
2022-07-06,36.53822707865391
2022-07-07,36.2841455123249
2022-07-08,36.28494311624497
2022-07-09,36.4885443207263
2022-07-10,36.27593694149748
2022-07-11,36.164622436216504
2022-07-12,35.99304778400689
2022-07-13,35.86930458901591
2022-07-14,35.76563427264635
2022-07-15,35.92002044517353
2022-07-16,36.15910131353922
2022-07-17,35.85788459640888
2022-07-18,35.637776110144145
2022-07-19,35.44090402967873
2022-07-20,35.37231938940218
2022-07-21,35.29313739003113
2022-07-22,35.33107671074766
2022-07-23,35.319088962517185
2022-07-24,34.766635023580044
2022-07-25,34.45087422304968
2022-07-26,34.35966269838924
2022-07-27,34.50085892445621
2022-07-28,34.58706113685168
2022-07-29,34.6766891704171
2022-07-30,34.66134984409732
2022-07-31,34.165223056491286
2022-08-01,34.01850963007107
2022-08-02,34.14736118444027
2022-08-03,34.44381682738448
2022-08-04,34.558293328578074
2022-08-05,34.59052602651793
2022-08-06,34.52352813874722
2022-08-07,34.0264515876291
2022-08-08,33.889490423110516
2022-08-09,33.969727312052854
2022-08-10,34.15504419778546
2022-08-11,34.18578527547447
2022-08-12,34.27366675388484
2022-08-13,34.426818596686864
2022-08-14,34.21496625122757
2022-08-15,34.28141303145736
2022-08-16,34.41038773006895
2022-08-17,34.54615036857384
2022-08-18,34.54832529664995
2022-08-19,34.68691941218358
2022-08-20,34.90432228835151
2022-08-21,34.641787454125115
2022-08-22,34.48157470895306
2022-08-23,34.28682574546162
2022-08-24,34.166702914560105
2022-08-25,34.09564958354904
2022-08-26,34.31545415119212
2022-08-27,34.63050602096686
2022-08-28,34.361272853681974
2022-08-29,34.08951130207795
2022-08-30,33.78269566843874
2022-08-31,33.64962593264788
2022-09-01,33.66174622968103
2022-09-02,33.96124150258324
2022-09-03,34.25326177568406
2022-09-04,33.84982009599208
2022-09-05,33.413015553206456
2022-09-06,32.99078356939654
2022-09-07,32.79396076286075
2022-09-08,32.72781317333779
2022-09-09,32.88847877803287
2022-09-10,33.02709739283565
2022-09-11,32.570040592334045
2022-09-12,32.25921638967815
2022-09-13,32.10166853622564
2022-09-14,32.168282705996
2022-09-15,32.23877315559329
2022-09-16,32.40037968257653
2022-09-17,32.5051459213381
2022-09-18,32.08071223999489
2022-09-19,31.864028751423827
2022-09-20,31.74856447773712
2022-09-21,31.6928967425563
2022-09-22,31.48233451803407
2022-09-23,31.3396843660314
2022-09-24,31.27358980887553
2022-09-25,30.858455097779316
2022-09-26,30.735497827080966
2022-09-27,30.650963517846677
2022-09-28,30.496216912663666
2022-09-29,30.11853601972619
2022-09-30,29.85992172717348
2022-10-01,29.785449333503742
2022-10-02,29.41095706671334
2022-10-03,29.265439208486455
2022-10-04,29.03646337720076
2022-10-05,28.660576713783758
2022-10-06,28.08051702836789
2022-10-07,27.68728208493394
2022-10-08,27.50815451761402
2022-10-09,26.991789749887165
2022-10-10,26.665518966471964
2022-10-11,26.308983424508632
2022-10-12,25.97232206326209
2022-10-13,25.62403758809042
2022-10-14,25.555587013987655
2022-10-15,25.645450244493315
2022-10-16,25.267662986312136
2022-10-17,25.005111894511142
2022-10-18,24.7554176269884
2022-10-19,24.62482684247322
2022-10-20,24.512950054120047
2022-10-21,24.579490853180676
2022-10-22,24.637804431338974
2022-10-23,24.137670750333992
2022-10-24,23.824832227337684
2022-10-25,23.709011803645176
2022-10-26,23.86464368425562
2022-10-27,24.04934096919695
2022-10-28,24.298832052031266
2022-10-29,24.422744898087124
2022-10-30,23.97311346584886
2022-10-31,23.794240675948313
2022-11-01,23.891160190238008
2022-11-02,24.236713326459
2022-11-03,24.487770659771346
2022-11-04,24.671531720407376
2022-11-05,24.677815407663132
2022-11-06,24.139588402497658
2022-11-07,23.904261596967185
2022-11-08,23.911313064198826
2022-11-09,24.08844435919688
2022-11-10,24.140300702725522
2022-11-11,24.211347165478248
2022-11-12,24.27311925361898
2022-11-13,23.919286627876364
2022-11-14,23.85912057355511
2022-11-15,23.908103412967172
2022-11-16,23.98714260427502
2022-11-17,23.904577030179375
2022-11-18,23.909372169196725
2022-11-19,23.969646176695456
2022-11-20,23.566524451738637
2022-11-21,23.298543329489974
2022-11-22,22.98846195170274
2022-11-23,22.694853671891515
2022-11-24,22.384750626992474
2022-11-25,22.3556296677772
2022-11-26,22.479596016663507
2022-11-27,22.08998525599587
2022-11-28,21.718469711392128
2022-11-29,21.25024281753804
2022-11-30,20.863503268819358
2022-12-01,20.58164740887649
2022-12-02,20.643150585419754
2022-12-03,20.80596552855061
2022-12-04,20.343176932184406
2022-12-05,19.831172051491674
2022-12-06,19.249868798470626
2022-12-07,18.825180309922924
2022-12-08,18.54088586489282
2022-12-09,18.566682227983254
2022-12-10,18.656569163016567
2022-12-11,18.174129210686083
2022-12-12,17.808538728150594
2022-12-13,17.563770454081016
2022-12-14,17.563651493365697
2022-12-15,17.640460199004654
2022-12-16,17.88758057729143
2022-12-17,18.11274278715548
2022-12-18,17.79641818814922
2022-12-19,17.68330233756785
2022-12-20,17.706977411743985
2022-12-21,17.857751916024043
2022-12-22,17.90173121909714
2022-12-23,18.00858096532146
2022-12-24,18.14923376891469
2022-12-25,17.91686992137101
2022-12-26,18.02516534454577
2022-12-27,18.265801225512664
2022-12-28,18.50550009605187
2022-12-29,18.508115273204567
2022-12-30,18.548451070569403
2022-12-31,18.698157562506314
2023-01-01,18.547781090939022
2023-01-02,18.711807328557736
2023-01-03,18.8833601905777
2023-01-04,18.92333216523639
2023-01-05,18.67912251957081
2023-01-06,18.510339885892392
2023-01-07,18.49413343434222
2023-01-08,18.15761897867814
2023-01-09,18.07289571110885
2023-01-10,17.983514613293277
2023-01-11,17.870249540546254
2023-01-12,17.664357448868575
2023-01-13,17.687700442140418
2023-01-14,17.87884516065616
2023-01-15,17.64031075042793
2023-01-16,17.53765522129387
2023-01-17,17.418096427621037
2023-01-18,17.36623145491549
2023-01-19,17.308178656388755
2023-01-20,17.45092681657143
2023-01-21,17.618549501185807
2023-01-22,17.217586863297353
2023-01-23,16.94908315442711
2023-01-24,16.816206644345687
2023-01-25,16.94834395196
2023-01-26,17.171002672600768
2023-01-27,17.538944638514117
2023-01-28,17.80446099187861
2023-01-29,17.432716233449778
2023-01-30,17.241805007618684
2023-01-31,17.28823937722812
2023-02-01,17.638981597500507
2023-02-02,18.002195777913187
2023-02-03,18.37054009236088
2023-02-04,18.539361172943114
2023-02-05,18.068032091053876
2023-02-06,17.822911149965954
2023-02-07,17.82120890570064
2023-02-08,18.061776317387377
2023-02-09,18.250575463544763
2023-02-10,18.47415029992962
2023-02-11,18.643711563182546
2023-02-12,18.345943283930485
2023-02-13,18.348814357833383
2023-02-14,18.521339613947756
2023-02-15,18.78987715172927
2023-02-16,18.91888178251379
2023-02-17,19.117419532889883
2023-02-18,19.356425199254247
2023-02-19,19.15575875147531
2023-02-20,19.153380504056965
2023-02-21,19.15527909409478
2023-02-22,19.167428682160015
2023-02-23,19.12083764444882
2023-02-24,19.34022232670513
2023-02-25,19.76597814874866
2023-02-26,19.775468159914155
2023-02-27,19.88254320565598
2023-02-28,19.89001995466741
2023-03-01,19.90788305229629
2023-03-02,19.96615051997973
2023-03-03,20.384531525378637
2023-03-04,20.999826735702563
2023-03-05,21.086266528682607
2023-03-06,21.1481668527437
2023-03-07,21.068082779807806
2023-03-08,21.036751042631238
2023-03-09,21.085273933480185
2023-03-10,21.46574247588063
2023-03-11,21.96775046074316
2023-03-12,21.912234764916178
2023-03-13,21.921160767854012
2023-03-14,21.958632019709036
2023-03-15,22.175090275161082
2023-03-16,22.460665605624104
2023-03-17,22.94172334950516
2023-03-18,23.400574216753284
2023-03-19,23.262648581045525
2023-03-20,23.255922446252853
2023-03-21,23.341208413524406
2023-03-22,23.555776879812605
2023-03-23,23.67759510733044
2023-03-24,23.841002933102278
2023-03-25,23.96787166300634
2023-03-26,23.64427642950513
2023-03-27,23.64787946559011
2023-03-28,23.8426244390962
2023-03-29,24.116800814223584
2023-03-30,24.180190735710774
2023-03-31,24.230291287091955
2023-04-01,24.30951085529895
2023-04-02,24.060165298081134
2023-04-03,24.19986537738457
2023-04-04,24.476287368696408
2023-04-05,24.716213863780375
2023-04-06,24.673071546531705
2023-04-07,24.639251912757572
2023-04-08,24.703996773924494
2023-04-09,24.468422251710003
2023-04-10,24.57983398457044
2023-04-11,24.780979349146403
2023-04-12,24.989749226599404
2023-04-13,25.072507052000987
2023-04-14,25.345784740637317
2023-04-15,25.79558331570912
2023-04-16,25.869561673294
2023-04-17,26.138579851719324
2023-04-18,26.40049050707956
2023-04-19,26.692803716276583
2023-04-20,26.938821104172963
2023-04-21,27.385671404241503
2023-04-22,27.886085779933943
2023-04-23,27.822625932976237
2023-04-24,27.845708753169674
2023-04-25,27.9204583979874
2023-04-26,28.20098173398783
2023-04-27,28.580924287414273
2023-04-28,29.16628227601933
2023-04-29,29.686759177713625
2023-04-30,29.524228789190023
2023-05-01,29.437184311980232
2023-05-02,29.493767021733383
2023-05-03,29.846601317335445
2023-05-04,30.288946018998526
2023-05-05,30.827361454184228
2023-05-06,31.185160882558105
2023-05-07,30.827612617971003
2023-05-08,30.597898523373726
2023-05-09,30.568005342054835
2023-05-10,30.82471483906245
2023-05-11,31.115511974563756
2023-05-12,31.495466985548344
2023-05-13,31.806128609960563
2023-05-14,31.59430173848721
2023-05-15,31.662165433380974
2023-05-16,31.938532984405743
2023-05-17,32.381619737335114
2023-05-18,32.72897106597171
2023-05-19,33.1380845965288
2023-05-20,33.553125142603186
2023-05-21,33.51361053588049
2023-05-22,33.704406028498504
2023-05-23,33.93762155352201
2023-05-24,34.17543181260902
2023-05-25,34.291843398864934
2023-05-26,34.60272535588615
2023-05-27,35.098484082466385
2023-05-28,35.218275938079294
2023-05-29,35.495359599772364
2023-05-30,35.67169944329146
2023-05-31,35.77182561528066
2023-06-01,35.790337072549036
2023-06-02,36.1005589537147
2023-06-03,36.63301405905009
2023-06-04,36.711396530939915
2023-06-05,36.80973370659225
2023-06-06,36.71664631856386
2023-06-07,36.555129767274295
2023-06-08,36.37078181978608
2023-06-09,36.49941648397544
2023-06-10,36.804440665572066
2023-06-11,36.608476706326066
2023-06-12,36.48150412993265
2023-06-13,36.3295372589701
2023-06-14,36.30332116999438
2023-06-15,36.347706265980364
2023-06-16,36.64769676361184
2023-06-17,36.991693403895006
2023-06-18,36.7591590875078
2023-06-19,36.64168512250454
2023-06-20,36.60292629853517
2023-06-21,36.723517935660695
2023-06-22,36.81345493497433
2023-06-23,36.991216683356775
2023-06-24,37.12260855522704
2023-06-25,36.75235830031603
2023-06-26,36.68653330513987
2023-06-27,36.855631309924746
2023-06-28,37.19474725106611
2023-06-29,37.38647848553352
2023-06-30,37.54525442176106
2023-07-01,37.6413392262536
2023-07-02,37.31924925377855
2023-07-03,37.38069654231589
2023-07-04,37.652510712272615
2023-07-05,37.967428490604895
2023-07-06,37.999809225887894
2023-07-07,37.94709078948097
2023-07-08,37.86360747903841
2023-07-09,37.397590116015934
2023-07-10,37.285670591395956
2023-07-11,37.31008741252867
2023-07-12,37.35420612423142
2023-07-13,37.21370251304673
2023-07-14,37.17136669438366
2023-07-15,37.2432896524026
2023-07-16,36.937337141356814
2023-07-17,36.865237164640405
2023-07-18,36.803299834720214
2023-07-19,36.74172706287736
2023-07-20,36.58316962183196
2023-07-21,36.60716398366169
2023-07-22,36.7147980236855
2023-07-23,36.29935191956305
2023-07-24,35.979267175446445
2023-07-25,35.66979210105027
2023-07-26,35.52132212889803
2023-07-27,35.48344586758621
2023-07-28,35.73509284797006
2023-07-29,36.02371275012375
2023-07-30,35.67035859898885
2023-07-31,35.35430894544441
2023-08-01,35.10943614255956
2023-08-02,35.14033484758518
2023-08-03,35.33274094811976
2023-08-04,35.74599252569062
2023-08-05,36.0633722457195
2023-08-06,35.64824742977432
2023-08-07,35.27482635202547
2023-08-08,35.02382220321216
2023-08-09,35.05820387955341
2023-08-10,35.192547624841374
2023-08-11,35.482217853916694
2023-08-12,35.703673444998586
2023-08-13,35.335762366351055
2023-08-14,35.179300999651005
2023-08-15,35.21283751467201
2023-08-16,35.44744070466164
2023-08-17,35.6226902246217
2023-08-18,35.85249816303254
2023-08-19,36.0367483106324
2023-08-20,35.71421774983619
2023-08-21,35.61838860844404
2023-08-22,35.59552954135152
2023-08-23,35.59331024275114
2023-08-24,35.432827178651905
2023-08-25,35.39834112132193
2023-08-26,35.50826848425975
2023-08-27,35.2717213477507
2023-08-28,35.28000483123873
2023-08-29,35.25483327113809
2023-08-30,35.142766217553365
2023-08-31,34.87242657375099
2023-09-01,34.830814133226895
2023-09-02,35.03306197124851
2023-09-03,34.88481576395703
2023-09-04,34.87517816729707
2023-09-05,34.71726140712302
2023-09-06,34.43996429385124
2023-09-07,34.0547946773459
2023-09-08,33.95078267833838
2023-09-09,34.07466915159358
2023-09-10,33.78408090471053
2023-09-11,33.61601245260593
2023-09-12,33.40191900105017
2023-09-13,33.252656061751374
2023-09-14,33.13754327656041
2023-09-15,33.30130542053102
2023-09-16,33.56124919723118
2023-09-17,33.26555023881627
2023-09-18,33.055964884636516
2023-09-19,32.868937354715676
2023-09-20,32.809942382992816
2023-09-21,32.73125700746491
2023-09-22,32.761984088681764
2023-09-23,32.725456471629414
2023-09-24,32.10953685119885
2023-09-25,31.71819462522404
2023-09-26,31.536565472566313
2023-09-27,31.571019606586294
2023-09-28,31.522019898591388
2023-09-29,31.44950410644613
2023-09-30,31.240867926215003
2023-10-01,30.506575295109272
2023-10-02,30.109247258636064
2023-10-03,29.97384503621407
2023-10-04,29.990467272431747
2023-10-05,29.79897836571543
2023-10-06,29.505947199701005
2023-10-07,29.097186371055493
2023-10-08,28.233133471088056
2023-10-09,27.737680480405622
2023-10-10,27.46660427486748
2023-10-11,27.30770323383883
2023-10-12,26.995675566090092
2023-10-13,26.75419384202508
2023-10-14,26.595499394353656
2023-10-15,26.076724693349306
2023-10-16,25.8685215815989
2023-10-17,25.749847706447802
2023-10-18,25.665263399739228
2023-10-19,25.471054413734635
2023-10-20,25.44874597371557
2023-10-21,25.539456389132045
2023-10-22,25.163919998298738
2023-10-23,24.92601145386411
2023-10-24,24.68309329978432
2023-10-25,24.547256907649167
2023-10-26,24.49039594023097
2023-10-27,24.761310628498695
2023-10-28,25.154734392385095
2023-10-29,24.963175148833898
2023-10-30,24.78717612458557
2023-10-31,24.589924988321563
2023-11-01,24.584790806082577
2023-11-02,24.73889645601832
2023-11-03,25.196455214522164
2023-11-04,25.648478629039897
2023-11-05,25.378400574666284
2023-11-06,25.07002796481071
2023-11-07,24.770411727789654
2023-11-08,24.69579459775669
2023-11-09,24.74581374365398
2023-11-10,25.018370088670935
2023-11-11,25.253941537851063
2023-11-12,24.856607215088225
2023-11-13,24.594993928712263
2023-11-14,24.476033947061104
2023-11-15,24.573214456589422
2023-11-16,24.65845011873086
2023-11-17,24.82286512187406
2023-11-18,24.91402026398886
2023-11-19,24.443416538884634
2023-11-20,24.17667119263089
2023-11-21,24.005047660933897
2023-11-22,23.887504358446485
2023-11-23,23.603513341585742
2023-11-24,23.386243150232964
2023-11-25,23.246890054268466
2023-11-26,22.746506834032697
2023-11-27,22.55211824904891
2023-11-28,22.40287414348702
2023-11-29,22.188301250707752
2023-11-30,21.75211912948008
2023-12-01,21.45074406997723
2023-12-02,21.353331317527914
2023-12-03,20.959503846604978
2023-12-04,20.818874544210253
2023-12-05,20.608598560631414
2023-12-06,20.263651087218477
2023-12-07,19.72513971567121
2023-12-08,19.398484850089993
2023-12-09,19.311795414226786
2023-12-10,18.893157899162958
2023-12-11,18.688347332732608
2023-12-12,18.467892128712727
2023-12-13,18.28238305989622
2023-12-14,18.097526764969007
2023-12-15,18.21346803897342
2023-12-16,18.502124236845415
2023-12-17,18.312467752604704
2023-12-18,18.246068329833935
2023-12-19,18.194212699958918
2023-12-20,18.26430444151485
2023-12-21,18.349585382285493
2023-12-22,18.612832889209454
2023-12-23,18.857998568050423
2023-12-24,18.51244311050045
2023-12-25,18.34655443781236
2023-12-26,18.368274489366275
2023-12-27,18.652865420106096
2023-12-28,18.947645649977193
2023-12-29,19.28846030872158
2023-12-30,19.47729498283821
2023-12-31,19.049698211302236
2024-01-01,18.880515770804063
2024-01-02,18.975509067801077
2024-01-03,19.30755633505462
2024-01-04,19.522667946173964
2024-01-05,19.650970412467526
2024-01-06,19.580699050754454
2024-01-07,18.934416372541545
2024-01-08,18.593090822590586
2024-01-09,18.49742762717681
2024-01-10,18.576177783750552
2024-01-11,18.527222325022688
2024-01-12,18.504135814413736
2024-01-13,18.481386272299478
2024-01-14,18.042003744679892
2024-01-15,17.924401931948264
2024-01-16,17.940993026114402
2024-01-17,18.013097591226593
2024-01-18,17.945084867458828
2024-01-19,17.99724895257192
2024-01-20,18.138504561855086
2024-01-21,17.832869752415952
2024-01-22,17.701030939243676
2024-01-23,17.55961450982586
2024-01-24,17.468835226860058
2024-01-25,17.393474094422846
2024-01-26,17.639886739023073
2024-01-27,18.073328352703797
2024-01-28,18.000608915121113
2024-01-29,17.96895804520796
2024-01-30,17.855719246227544
2024-01-31,17.841280268117295
2024-02-01,17.945454328405944
2024-02-02,18.410568654730344
2024-02-03,18.98131656096967
2024-02-04,18.900403755581426
2024-02-05,18.760098026195084
2024-02-06,18.5352912069034
2024-02-07,18.45587413998185
2024-02-08,18.501439653436897
2024-02-09,18.844541125560315
2024-02-10,19.22791215733224
2024-02-11,18.990733156419367
2024-02-12,18.845177883721124
2024-02-13,18.794715682362803
2024-02-14,18.967577872129226
2024-02-15,19.190867870866466
2024-02-16,19.562650871191924
2024-02-17,19.885921347632557
2024-02-18,19.625511502913422
2024-02-19,19.55539944206437
2024-02-20,19.6103698603501
2024-02-21,19.784268536300463
2024-02-22,19.839125682426968
2024-02-23,19.95482418445625
2024-02-24,20.105577569954526
2024-02-25,19.874558125309026
2024-02-26,20.004467027305207
2024-02-27,20.283452221170915
2024-02-28,20.576965069329027
2024-02-29,20.643547122837578
2024-03-01,20.7700065310615
2024-03-02,21.032301170644804
2024-03-03,21.007875761414784
2024-03-04,21.33315626843387
2024-03-05,21.69040722161775
2024-03-06,21.934858155812453
2024-03-07,21.907145307382635
2024-03-08,21.97733161756261
2024-03-09,22.22263470880718
2024-03-10,22.15065701159033
2024-03-11,22.34989645318875
2024-03-12,22.55121685235043
2024-03-13,22.730747427513727
2024-03-14,22.813289179262462
2024-03-15,23.127791624124534
2024-03-16,23.606732981614908
2024-03-17,23.628221771550592
2024-03-18,23.773981586855125
2024-03-19,23.882931709933462
2024-03-20,24.040062184555982
2024-03-21,24.166951764274984
2024-03-22,24.476340643602615
2024-03-23,24.785461073431343
2024-03-24,24.480278153978617
2024-03-25,24.286542884906776
2024-03-26,24.208676464019756
2024-03-27,24.38225336197895
2024-03-28,24.62904988097473
2024-03-29,25.00846747822561
2024-03-30,25.26744188093904
2024-03-31,24.856254862511815
2024-04-01,24.624807440010738
2024-04-02,24.63535267551633
2024-04-03,24.960962557779347
2024-04-04,25.303524020764254
2024-04-05,25.658993829941146
2024-04-06,25.818981915489086
2024-04-07,25.330699063507716
2024-04-08,25.09261491558412
2024-04-09,25.124464416308726
2024-04-10,25.426439458580116
2024-04-11,25.695257712581885
2024-04-12,26.020619804632915
2024-04-13,26.310304520008714
2024-04-14,26.135959025086922
2024-04-15,26.290158193255795
2024-04-16,26.63539541796471
2024-04-17,27.093025664955842
2024-04-18,27.41663135336314
2024-04-19,27.819254771245372
2024-04-20,28.267510727073162
2024-04-21,28.261527255546543
2024-04-22,28.457527234792426
2024-04-23,28.65159422069354
2024-04-24,28.84679215116279
2024-04-25,28.96896632308845
2024-04-26,29.35138325870904
2024-04-27,29.930391098543694
2024-04-28,30.06074782193192
2024-04-29,30.272728305276658
2024-04-30,30.362060879738966
2024-05-01,30.442612796427337
2024-05-02,30.546145935873486
2024-05-03,31.004440397097483
2024-05-04,31.650558044064123
2024-05-05,31.73648035826869
2024-05-06,31.78618563718752
2024-05-07,31.681216904516575
2024-05-08,31.621912130735407
2024-05-09,31.643719323120724
2024-05-10,32.01054307912074
2024-05-11,32.50815333146838
2024-05-12,32.43775915934621
2024-05-13,32.44510158500851
2024-05-14,32.495582163025745
2024-05-15,32.746777652792055
2024-05-16,33.08672351838269
2024-05-17,33.64708137832055
2024-05-18,34.20334202636933
2024-05-19,34.16157685710849
2024-05-20,34.27345400649035
2024-05-21,34.49716380529626
2024-05-22,34.86935221766174
2024-05-23,35.15817120175258
2024-05-24,35.49960945461811
2024-05-25,35.80969251325258
2024-05-26,35.657137400668354
2024-05-27,35.84182255621227
2024-05-28,36.21926252769883
2024-05-29,36.67011992182854
2024-05-30,36.890692254472285
2024-05-31,37.08143553071798
2024-06-01,37.28281732641559
2024-06-02,37.122260775333416
2024-06-03,37.33870469829529
2024-06-04,37.66937116596382
2024-06-05,37.93378763344172
2024-06-06,37.87629133499325
2024-06-07,37.798697617136355
2024-06-08,37.79373879074893
2024-06-09,37.450000909228166
2024-06-10,37.43774947716791
2024-06-11,37.49320120416146
2024-06-12,37.533992928731344
2024-06-13,37.42491927050227
2024-06-14,37.496171022544075
2024-06-15,37.73666595326626
2024-06-16,37.57927193399779
2024-06-17,37.617286621601764
2024-06-18,37.645316609062526
2024-06-19,37.70539015733937
2024-06-20,37.721282913014136
2024-06-21,37.950965131284796
2024-06-22,38.24453944267779
2024-06-23,37.96591923699537
2024-06-24,37.78827754673209
2024-06-25,37.67627180981508
2024-06-26,37.789218064190855
2024-06-27,38.01679584067865
2024-06-28,38.46750376619647
2024-06-29,38.860607853190224
2024-06-30,38.55560885870979
2024-07-01,38.333677295128865
2024-07-02,38.26250780356756
2024-07-03,38.49682466259579
2024-07-04,38.81998523621344
2024-07-05,39.23563906289392
2024-07-06,39.454902881864115
2024-07-07,38.922502657841406
2024-07-08,38.50673593854016
2024-07-09,38.2796090926007
2024-07-10,38.32882049116271
2024-07-11,38.39207885394015
2024-07-12,38.52534640417834
2024-07-13,38.56461266738954
2024-07-14,38.042033310043614
2024-07-15,37.7870545508666
2024-07-16,37.727614072770905
2024-07-17,37.822597482565065
2024-07-18,37.80350439662786
2024-07-19,37.83607439475226
2024-07-20,37.86611047808064
2024-07-21,37.421807959208785
2024-07-22,37.21457159388529
2024-07-23,37.05451648192109
2024-07-24,36.90679058894777
2024-07-25,36.64541447568533
2024-07-26,36.60060068371003
2024-07-27,36.76614512891423
2024-07-28,36.56615603634261
2024-07-29,36.55428400786248
2024-07-30,36.46641615145525
2024-07-31,36.32969570793623
2024-08-01,36.139915164519884
2024-08-02,36.28298628282807
2024-08-03,36.6870298556441
2024-08-04,36.65280568650273
2024-08-05,36.66845935446884
2024-08-06,36.51368203912966
2024-08-07,36.312951237641954
2024-08-08,36.11033717507752
2024-08-09,36.2492337501255
2024-08-10,36.584850983133656
2024-08-11,36.41370127299524
2024-08-12,36.320385128665436
2024-08-13,36.2037915830799
2024-08-14,36.21564699541919
2024-08-15,36.295237072070705
2024-08-16,36.63014769429131
2024-08-17,36.99875239445402
2024-08-18,36.75755324490216
2024-08-19,36.61862190616604
2024-08-20,36.542824642237136
2024-08-21,36.612419549686855
2024-08-22,36.63077108275038
2024-08-23,36.72041919594858
2024-08-24,36.74354804124083
2024-08-25,36.23131655299767
2024-08-26,36.01797581930464
2024-08-27,36.034014716225116
2024-08-28,36.21504212033248
2024-08-29,36.23620616427005
2024-08-30,36.21880790337629
2024-08-31,36.13537810835475
2024-09-01,35.622066103745965
2024-09-02,35.509954523987105
2024-09-03,35.62320232486884
2024-09-04,35.79180663639678
2024-09-05,35.68187066939509
2024-09-06,35.499254155399264
2024-09-07,35.30156348407375
2024-09-08,34.72651723038274
2024-09-09,34.53523719758635
2024-09-10,34.50270758258615
2024-09-11,34.50777595498122
2024-09-12,34.338183519979154
2024-09-13,34.284167039200014
2024-09-14,34.36007105716849
2024-09-15,34.054996249723644
2024-09-16,33.99758402663953
2024-09-17,33.953499654415914
2024-09-18,33.90908422464254
2024-09-19,33.7601608205109
2024-09-20,33.79172079721746
2024-09-21,33.898031374545006
2024-09-22,33.44915248631805
2024-09-23,33.08053735589965
2024-09-24,32.70183892023619
2024-09-25,32.46593399395847
2024-09-26,32.31881694930467
2024-09-27,32.44382868648103
2024-09-28,32.5793218324744
2024-09-29,32.02394116350275
2024-09-30,31.479453468653553
2024-10-01,30.98176994601056
2024-10-02,30.743673782107322
2024-10-03,30.649247642886593
2024-10-04,30.762349044786863
2024-10-05,30.758981744768356
2024-10-06,29.985206885811234
2024-10-07,29.244234315298126
2024-10-08,28.623418364798574
2024-10-09,28.295211087310765
2024-10-10,28.07239632078276
2024-10-11,28.016383114525414
2024-10-12,27.900494601188562
2024-10-13,27.190575176373724
2024-10-14,26.717247408065827
2024-10-15,26.461755055357077
2024-10-16,26.43853695972149
2024-10-17,26.381264728333914
2024-10-18,26.409653348362852
2024-10-19,26.42190837116123
2024-10-20,25.942841752993754
2024-10-21,25.730324900010295
2024-10-22,25.625590865301668
2024-10-23,25.57405033701068
2024-10-24,25.38992025608773
2024-10-25,25.365187377119153
2024-10-26,25.516913405260933
2024-10-27,25.33590566739861
2024-10-28,25.43005438862957
2024-10-29,25.509098917878074
2024-10-30,25.514738813691242
2024-10-31,25.370016540026864
2024-11-01,25.471187795063088
2024-11-02,25.830534943543398
2024-11-03,25.831085597432732
2024-11-04,25.974672075389087
2024-11-05,25.96206606644322
2024-11-06,25.820309873954212
2024-11-07,25.558746692196507
2024-11-08,25.57680796762792
2024-11-09,25.817579931790316
2024-11-10,25.616235387063767
2024-11-11,25.526012193257806
2024-11-12,25.372047746697007
2024-11-13,25.268333854010255
2024-11-14,25.183095844372577
2024-11-15,25.369270602071172
2024-11-16,25.638831830660227
2024-11-17,25.319709157126315
2024-11-18,25.075726161512204
2024-11-19,24.84274949499347
2024-11-20,24.73139997707417
2024-11-21,24.591075835386437
2024-11-22,24.557152642406468
2024-11-23,24.44942943933985
2024-11-24,23.741428789037478
2024-11-25,23.265554439495347
2024-11-26,23.00879243632621
2024-11-27,22.98001828499698
2024-11-28,22.872199291732322
2024-11-29,22.749338516716914
2024-11-30,22.497154280786056
2024-12-01,21.715272985604063
2024-12-02,21.295905070537362
2024-12-03,21.16293927513993
2024-12-04,21.20401561650191
2024-12-05,21.048147140889178
2024-12-06,20.805899878014152
2024-12-07,20.46285959183143
2024-12-08,19.668369670270632
2024-12-09,19.272641740026003
2024-12-10,19.126052402081257
2024-12-11,19.111725682359797
2024-12-12,18.954419236243147
2024-12-13,18.883431761552142
2024-12-14,18.909506940988955
2024-12-15,18.57328538529001
2024-12-16,18.564811390899063
2024-12-17,18.6533531082887
2024-12-18,18.779014077221426
2024-12-19,18.7906709853301
2024-12-20,18.976175059488238
2024-12-21,19.271943895365705
2024-12-22,19.077210010600474
2024-12-23,19.012790112546778
2024-12-24,18.92896588428874
2024-12-25,18.939216912857315
2024-12-26,19.012551312978793
2024-12-27,19.40416753592778
2024-12-28,19.900850676825232
2024-12-29,19.771298546870483
2024-12-30,19.63503272179526
2024-12-31,19.45403439689348
2025-01-01,19.449037897312373
2025-01-02,19.587038479136343
2025-01-03,20.01833279026016
2025-01-04,20.42581350473385
2025-01-05,20.072053883109795
2025-01-06,19.665737793897726
2025-01-07,19.25855483321831
2025-01-08,19.07718201835423
2025-01-09,19.021708069410078
2025-01-10,19.197096092299216
2025-01-11,19.339445763205926
2025-01-12,18.83762382401321
2025-01-13,18.489147177658122
2025-01-14,18.305076412173843
2025-01-15,18.364975670083442
2025-01-16,18.43679957887803
2025-01-17,18.61767382197841
2025-01-18,18.752851931952655
2025-01-19,18.34016778056729
2025-01-20,18.171565340971185
2025-01-21,18.135769619056216
2025-01-22,18.19076251965688
2025-01-23,18.10859342682367
2025-01-24,18.129021522126845
2025-01-25,18.26201746350387
2025-01-26,18.052246154171907
2025-01-27,18.185502103724932
2025-01-28,18.38919400291762
2025-01-29,18.54550386241139
2025-01-30,18.48893947644119
2025-01-31,18.582963315507406
2025-02-01,18.894285629074904
2025-02-02,18.901580029226885
2025-02-03,19.167412674896365
2025-02-04,19.35381105506086
2025-02-05,19.389148404382563
2025-02-06,19.208426390701195
2025-02-07,19.226339489036654
2025-02-08,19.468562341465223
2025-02-09,19.341929070936963
2025-02-10,19.40765202906036
2025-02-11,19.427331334520428
2025-02-12,19.452360429862882
2025-02-13,19.44721648815341
2025-02-14,19.722312625754142
2025-02-15,20.146705260126634
2025-02-16,20.050292226800003
2025-02-17,20.05658653890762
2025-02-18,20.056443022193182
2025-02-19,20.164268109287228
2025-02-20,20.273772891891735
2025-02-21,20.557173017326733
2025-02-22,20.816457255282565
2025-02-23,20.464944720256174
2025-02-24,20.302238553746218
2025-02-25,20.34075036364387
2025-02-26,20.66211863051713
2025-02-27,21.00910478572189
2025-02-28,21.421847840815463
2025-03-01,21.698561252821193
2025-03-02,21.36184430912975
2025-03-03,21.31611330307076
2025-03-04,21.56801454145357
2025-03-05,22.089562347436285
2025-03-06,22.514686269190282
2025-03-07,22.873142863704203
2025-03-08,23.04759762463226
2025-03-09,22.645911768093583
2025-03-10,22.574377920591218
2025-03-11,22.768310683427558
2025-03-12,23.1503523836477
2025-03-13,23.404609160727585
2025-03-14,23.685428881082768
2025-03-15,23.96226789565264
2025-03-16,23.800635926565388
2025-03-17,23.958820774520795
2025-03-18,24.239596393094047
2025-03-19,24.558545240055306
2025-03-20,24.711010789620374
2025-03-21,24.963479589806983
2025-03-22,25.2822798110556
2025-03-23,25.113236152606415
2025-03-24,25.09671937102071
2025-03-25,25.0438306992487
2025-03-26,25.017746683914016
2025-03-27,24.98375823004805
2025-03-28,25.260288122660786
2025-03-29,25.710978056419403
2025-03-30,25.623499742298726
2025-03-31,25.566183107557315
2025-04-01,25.416177035083763
2025-04-02,25.36356618012415
2025-04-03,25.432738331316852
2025-04-04,25.87768353364774
2025-04-05,26.438591591497374
2025-04-06,26.337265891853665
2025-04-07,26.188094897914603
2025-04-08,25.96780728415764
2025-04-09,25.91581927385574
2025-04-10,26.01264502321332
2025-04-11,26.437361857599157
2025-04-12,26.924798673207995
2025-04-13,26.792647661710472
2025-04-14,26.77509505994326
2025-04-15,26.874274256922863
2025-04-16,27.220555452895557
2025-04-17,27.63303792171555
2025-04-18,28.210088135746034
2025-04-19,28.745213416727978
2025-04-20,28.682683327940545
2025-04-21,28.81782726685936
2025-04-22,29.07981396618871
2025-04-23,29.458851873809035
2025-04-24,29.706074283306403
2025-04-25,30.00415501873084
2025-04-26,30.323855976495427
2025-04-27,30.232783678998892
2025-04-28,30.495780763316546
2025-04-29,30.893045811762562
2025-04-30,31.28513852257286
2025-05-01,31.42287096870463
2025-05-02,31.602858774480016
2025-05-03,31.90467105217004
2025-05-04,31.893908273643408
2025-05-05,32.22960240661476
2025-05-06,32.58643763385017
2025-05-07,32.81795395732646
2025-05-08,32.76288580470965
2025-05-09,32.80652958197063
2025-05-10,33.032004352546615
2025-05-11,32.93451144812496
2025-05-12,33.12465701580396
2025-05-13,33.32767859247635
2025-05-14,33.52161136087242
2025-05-15,33.63110466555293
2025-05-16,33.99742428226848
2025-05-17,34.552116690101506
2025-05-18,34.65401393207693
2025-05-19,34.90352008272173
2025-05-20,35.1338143641279
2025-05-21,35.431419235971546
2025-05-22,35.71362441039819
2025-05-23,36.197661716888746
2025-05-24,36.69209775924541
2025-05-25,36.56000445031036
2025-05-26,36.54680933833904
2025-05-27,36.65326189269756
2025-05-28,37.01531650369275
2025-05-29,37.445037592764116
2025-05-30,37.99978227000524
2025-05-31,38.41460139196421
2025-06-01,38.11865928107853
2025-06-02,37.98588879104869
2025-06-03,38.0777931317186
2025-06-04,38.46754203627128
2025-06-05,38.84580072508895
2025-06-06,39.20731419492846
2025-06-07,39.33656598884962
2025-06-08,38.76645426521265
2025-06-09,38.42498307308139
2025-06-10,38.33390008027044
2025-06-11,38.49533454438231
2025-06-12,38.59872830327525
2025-06-13,38.739496280552395
2025-06-14,38.825651882728195
2025-06-15,38.41857752384783
2025-06-16,38.33976991004812
2025-06-17,38.45095175348179
2025-06-18,38.6745360475351
2025-06-19,38.75964750962357
2025-06-20,38.92930896813452
2025-06-21,39.15190235343404
2025-06-22,38.91400305538971
2025-06-23,38.89474950534577
2025-06-24,38.885123439010066
2025-06-25,38.889137785648764
2025-06-26,38.83053729494797
2025-06-27,39.05291892299061
2025-06-28,39.48971081490236
2025-06-29,39.4736389763006
2025-06-30,39.55000538120368
2025-07-01,39.505675822903854
2025-07-02,39.4554632841778
2025-07-03,39.429185475593435
2025-07-04,39.766082987241525
2025-07-05,40.29067862881428
2025-07-06,40.227893682121135
2025-07-07,40.115383940787524
2025-07-08,39.82808664618093
2025-07-09,39.57022904464983
2025-07-10,39.37628814181075
2025-07-11,39.51696458697059
2025-07-12,39.77010320404515
2025-07-13,39.414113360813495
2025-07-14,39.11545172409167
2025-07-15,38.839152378101204
2025-07-16,38.74917733762775
2025-07-17,38.73194917322938
2025-07-18,38.92585027339508
2025-07-19,39.102240500817146
2025-07-20,38.65172200384505
2025-07-21,38.35376512259385
2025-07-22,38.169323601344864
2025-07-23,38.14047729193633
2025-07-24,38.03231659773018
2025-07-25,37.98945405282109
2025-07-26,37.92937766338292
2025-07-27,37.41094630229597
2025-07-28,37.26307272462881
2025-07-29,37.339766349904515
2025-07-30,37.520472984584615
2025-07-31,37.49382152672698
2025-08-01,37.46803716171741
2025-08-02,37.48559675408272
2025-08-03,37.16209724908531
2025-08-04,37.25938439349056
2025-08-05,37.505016997138966
2025-08-06,37.710861026630695
2025-08-07,37.610628602250266
2025-08-08,37.51275953362193
2025-08-09,37.509523378472934
2025-08-10,37.172652983463834
2025-08-11,37.189760772560035
2025-08-12,37.2845306198059
2025-08-13,37.367810815510154
2025-08-14,37.29599833772203
2025-08-15,37.405874454534064
2025-08-16,37.682354739854965
2025-08-17,37.536970361466075
2025-08-18,37.57905155070679
2025-08-19,37.59432411426271
2025-08-20,37.62436617181011
2025-08-21,37.589334323816814
2025-08-22,37.75482529572572
2025-08-23,37.96620964021807
2025-08-24,37.567810848240704
2025-08-25,37.255432509541315
2025-08-26,36.994355288238175
2025-08-27,36.951180865356434
2025-08-28,37.014700657741635
2025-08-29,37.29980335519459
2025-08-30,37.520000187542706
2025-08-31,37.017738577766174
2025-09-01,36.602369794491054
2025-09-02,36.34702305597665
2025-09-03,36.414465041483766
2025-09-04,36.58404294691989
2025-09-05,36.862065115159055
2025-09-06,36.952603435523905
2025-09-07,36.28440591172306
2025-09-08,35.7545025683355
2025-09-09,35.43776881625228
2025-09-10,35.42469028784246
2025-09-11,35.44406038043975
2025-09-12,35.55246205014197
2025-09-13,35.57897033597003
2025-09-14,35.03867116835359
2025-09-15,34.78468540318084
2025-09-16,34.739605200566196
2025-09-17,34.85764231661119
2025-09-18,34.85817725945816
2025-09-19,34.908481711186624
2025-09-20,34.94886643693967
2025-09-21,34.488834571705375
2025-09-22,34.25880417881778
2025-09-23,34.05953469290193
2025-09-24,33.85206544346652
2025-09-25,33.503820337188664
2025-09-26,33.35336143368681
2025-09-27,33.3926853764482
2025-09-28,33.026599928730754
2025-09-29,32.82589200277294
2025-09-30,32.51825863347018
2025-10-01,32.1325115058366
2025-10-02,31.665722524113875
2025-10-03,31.518032714168466
2025-10-04,31.617810824482703
2025-10-05,31.246660091060303
2025-10-06,30.911645158204678
2025-10-07,30.389264117667338
2025-10-08,29.812006021861485
2025-10-09,29.22959147076929
2025-10-10,29.000652583481784
2025-10-11,28.980175043064914
2025-10-12,28.446667688242112
2025-10-13,28.00739072026686
2025-10-14,27.561919707720598
2025-10-15,27.270364922501614
2025-10-16,27.073284099956652
2025-10-17,27.166964731258005
2025-10-18,27.325034756101985
2025-10-19,26.885371962073037
2025-10-20,26.58382039921281
2025-10-21,26.38066760933248
2025-10-22,26.36088261605595
2025-10-23,26.321165099223727
2025-10-24,26.386975579921447
2025-10-25,26.41468412612401
2025-10-26,25.918707299386405
2025-10-27,25.757405796068472
2025-10-28,25.856416632456252
2025-10-29,26.14637231143142
2025-10-30,26.288978471577167
2025-10-31,26.40605765839545
2025-11-01,26.465862093027678
2025-11-02,26.089594015912965
2025-11-03,26.131237172828374
2025-11-04,26.4060881650858
2025-11-05,26.73562456225738
2025-11-06,26.77245553687024
2025-11-07,26.72627601430217
2025-11-08,26.65413022662155
2025-11-09,26.180221135718973
2025-11-10,26.088034048036114
2025-11-11,26.144097204152946
2025-11-12,26.222468306743473
2025-11-13,26.103603331000084
2025-11-14,26.086721998433816
2025-11-15,26.18679953057934
2025-11-16,25.877321467189315
2025-11-17,25.80767084622768
2025-11-18,25.737286177476154
2025-11-19,25.65353887125541
2025-11-20,25.45067070046191
2025-11-21,25.42460199672203
2025-11-22,25.468356925646194
2025-11-23,24.93432865814767
2025-11-24,24.480378406606278
2025-11-25,24.015690251421248
2025-11-26,23.700369657724725
2025-11-27,23.481078811839474
2025-11-28,23.54925779236713
2025-11-29,23.637202722180156
2025-11-30,23.023482259534216
2025-12-01,22.433922793826515
2025-12-02,21.907263897162565
2025-12-03,21.664468815159818
2025-12-04,21.587165526971884
2025-12-05,21.74215336980954
2025-12-06,21.795838821595154
2025-12-07,21.07396445534048
2025-12-08,20.405088911299718
2025-12-09,19.87899208526623
2025-12-10,19.67290766631912
2025-12-11,19.59272803623875
2025-12-12,19.70050124431325
2025-12-13,19.760800810349117
2025-12-14,19.220744308638363
2025-12-15,18.935022685518785
2025-12-16,18.881927116933085
2025-12-17,19.073800641692884
2025-12-18,19.23321492554256
2025-12-19,19.48085350840053
2025-12-20,19.708846805152334
2025-12-21,19.424152964958143
2025-12-22,19.405710526582332
2025-12-23,19.487018357700315
2025-12-24,19.609193027874916
2025-12-25,19.578232485667446
2025-12-26,19.69322543694051
2025-12-27,19.96998166820477
2025-12-28,19.881832608299092
2025-12-29,20.0547938923392
2025-12-30,20.188862327847914
2025-12-31,20.22376721677426
